<?xml version="1.0"?>

<PluginManifest xmlns:xsd="http://www.w3.org/2001/XMLSchema" xmlns:xsi="http://www.w3.org/2001/XMLSchema-instance">
  <Name>Auto Moderator</Name>
  <Guid>8333d8a5-c545-42d9-a606-8dae9db3c678</Guid>
  <Repository>https://github.com/HnZGaming/TorchAutoModerator</Repository>
  <Version>v1.0.7682.2295</Version>
  <Dependencies>
        <PluginDependency>
            <Plugin>da82de0f-9d2f-4571-af1c-88c7921bc063</Plugin>
            <MinVersion>v3.1.0.19-8-gba50347</MinVersion>
        </PluginDependency>
    </Dependencies>
</PluginManifest>